REF_DATE,GEO,New housing price indexes,VALUE
2010-01,Canada,Total (house and land),87.1
2010-02,Canada,Total (house and land),87.1
2010-03,Canada,Total (house and land),87.4
2010-04,Canada,Total (house and land),87.6
2010-05,Canada,Total (house and land),87.9
2010-06,Canada,Total (house and land),88.0
2010-07,Canada,Total (house and land),87.9
2010-08,Canada,Total (house and land),88.0
2010-09,Canada,Total (house and land),88.1
2010-10,Canada,Total (house and land),88.2
2010-11,Canada,Total (house and land),88.4
2010-12,Canada,Total (house and land),88.4
2011-01,Canada,Total (house and land),88.6
2011-02,Canada,Total (house and land),89.0
2011-03,Canada,Total (house and land),89.0
2011-04,Canada,Total (house and land),89.2
2011-05,Canada,Total (house and land),89.6
2011-06,Canada,Total (house and land),89.8
2011-07,Canada,Total (house and land),89.9
2011-08,Canada,Total (house and land),90.0
2011-09,Canada,Total (house and land),90.1
2011-10,Canada,Total (house and land),90.3
2011-11,Canada,Total (house and land),90.6
2011-12,Canada,Total (house and land),90.7
2012-01,Canada,Total (house and land),90.8
2012-02,Canada,Total (house and land),91.0
2012-03,Canada,Total (house and land),91.3
2012-04,Canada,Total (house and land),91.5
2012-05,Canada,Total (house and land),91.7
2012-06,Canada,Total (house and land),91.9
2012-07,Canada,Total (house and land),92.0
2012-08,Canada,Total (house and land),92.1
2012-09,Canada,Total (house and land),92.3
2012-10,Canada,Total (house and land),92.5
2012-11,Canada,Total (house and land),92.6
2012-12,Canada,Total (house and land),92.7
2013-01,Canada,Total (house and land),92.8
2013-02,Canada,Total (house and land),93.0
2013-03,Canada,Total (house and land),93.0
2013-04,Canada,Total (house and land),93.2
2013-05,Canada,Total (house and land),93.4
2013-06,Canada,Total (house and land),93.5
2013-07,Canada,Total (house and land),93.6
2013-08,Canada,Total (house and land),93.7
2013-09,Canada,Total (house and land),93.8
2013-10,Canada,Total (house and land),93.8
2013-11,Canada,Total (house and land),93.9
2013-12,Canada,Total (house and land),93.9
2014-01,Canada,Total (house and land),94.1
2014-02,Canada,Total (house and land),94.4
2014-03,Canada,Total (house and land),94.5
2014-04,Canada,Total (house and land),94.7
2014-05,Canada,Total (house and land),94.8
2014-06,Canada,Total (house and land),94.9
2014-07,Canada,Total (house and land),94.9
2014-08,Canada,Total (house and land),95.2
2014-09,Canada,Total (house and land),95.3
2014-10,Canada,Total (house and land),95.4
2014-11,Canada,Total (house and land),95.5
2014-12,Canada,Total (house and land),95.5
2015-01,Canada,Total (house and land),95.5
2015-02,Canada,Total (house and land),95.6
2015-03,Canada,Total (house and land),95.7
2015-04,Canada,Total (house and land),95.7
2015-05,Canada,Total (house and land),95.9
2015-06,Canada,Total (house and land),96.1
2015-07,Canada,Total (house and land),96.2
2015-08,Canada,Total (house and land),96.5
2015-09,Canada,Total (house and land),96.6
2015-10,Canada,Total (house and land),96.8
2015-11,Canada,Total (house and land),96.9
2015-12,Canada,Total (house and land),97.0
2016-01,Canada,Total (house and land),97.1
2016-02,Canada,Total (house and land),97.3
2016-03,Canada,Total (house and land),97.5
2016-04,Canada,Total (house and land),97.7
2016-05,Canada,Total (house and land),98.5
2016-06,Canada,Total (house and land),98.6
2016-07,Canada,Total (house and land),99.0
2016-08,Canada,Total (house and land),99.1
2016-09,Canada,Total (house and land),99.3
2016-10,Canada,Total (house and land),99.7
2016-11,Canada,Total (house and land),99.9
2016-12,Canada,Total (house and land),100.0
2017-01,Canada,Total (house and land),100.1
2017-02,Canada,Total (house and land),100.5
2017-03,Canada,Total (house and land),100.7
2017-04,Canada,Total (house and land),101.5
2017-05,Canada,Total (house and land),102.2
2017-06,Canada,Total (house and land),102.4
2017-07,Canada,Total (house and land),102.8
2017-08,Canada,Total (house and land),102.9
2017-09,Canada,Total (house and land),103.1
2017-10,Canada,Total (house and land),103.2
2017-11,Canada,Total (house and land),103.3
2017-12,Canada,Total (house and land),103.3
2018-01,Canada,Total (house and land),103.3
2018-02,Canada,Total (house and land),103.1
2018-03,Canada,Total (house and land),103.1
2018-04,Canada,Total (house and land),103.1
2018-05,Canada,Total (house and land),103.1
2018-06,Canada,Total (house and land),103.2
2018-07,Canada,Total (house and land),103.3
2018-08,Canada,Total (house and land),103.3
2018-09,Canada,Total (house and land),103.3
2018-10,Canada,Total (house and land),103.3
2018-11,Canada,Total (house and land),103.3
2018-12,Canada,Total (house and land),103.3
2019-01,Canada,Total (house and land),103.2
2019-02,Canada,Total (house and land),103.2
2019-03,Canada,Total (house and land),103.2
2019-04,Canada,Total (house and land),103.2
2019-05,Canada,Total (house and land),103.1
2019-06,Canada,Total (house and land),103.0
2019-07,Canada,Total (house and land),102.9
2019-08,Canada,Total (house and land),103.0
2019-09,Canada,Total (house and land),103.2
2019-10,Canada,Total (house and land),103.3
2019-11,Canada,Total (house and land),103.2
2019-12,Canada,Total (house and land),103.4
2020-01,Canada,Total (house and land),103.4
2020-02,Canada,Total (house and land),103.8
2020-03,Canada,Total (house and land),104.1
2020-04,Canada,Total (house and land),104.1
2020-05,Canada,Total (house and land),104.2
2020-06,Canada,Total (house and land),104.3
2020-07,Canada,Total (house and land),104.7
2020-08,Canada,Total (house and land),105.2
2020-09,Canada,Total (house and land),106.5
2020-10,Canada,Total (house and land),107.3
2020-11,Canada,Total (house and land),107.9
2020-12,Canada,Total (house and land),108.2
2021-01,Canada,Total (house and land),109.0
2021-02,Canada,Total (house and land),111.1
2010-01,Newfoundland and Labrador,Total (house and land),91.5
2010-02,Newfoundland and Labrador,Total (house and land),91.5
2010-03,Newfoundland and Labrador,Total (house and land),91.5
2010-04,Newfoundland and Labrador,Total (house and land),92.5
2010-05,Newfoundland and Labrador,Total (house and land),92.7
2010-06,Newfoundland and Labrador,Total (house and land),93.0
2010-07,Newfoundland and Labrador,Total (house and land),93.0
2010-08,Newfoundland and Labrador,Total (house and land),93.0
2010-09,Newfoundland and Labrador,Total (house and land),93.0
2010-10,Newfoundland and Labrador,Total (house and land),93.0
2010-11,Newfoundland and Labrador,Total (house and land),97.0
2010-12,Newfoundland and Labrador,Total (house and land),97.0
2011-01,Newfoundland and Labrador,Total (house and land),97.2
2011-02,Newfoundland and Labrador,Total (house and land),97.2
2011-03,Newfoundland and Labrador,Total (house and land),97.2
2011-04,Newfoundland and Labrador,Total (house and land),97.1
2011-05,Newfoundland and Labrador,Total (house and land),97.0
2011-06,Newfoundland and Labrador,Total (house and land),97.0
2011-07,Newfoundland and Labrador,Total (house and land),96.9
2011-08,Newfoundland and Labrador,Total (house and land),96.9
2011-09,Newfoundland and Labrador,Total (house and land),96.9
2011-10,Newfoundland and Labrador,Total (house and land),96.9
2011-11,Newfoundland and Labrador,Total (house and land),96.9
2011-12,Newfoundland and Labrador,Total (house and land),96.9
2012-01,Newfoundland and Labrador,Total (house and land),96.5
2012-02,Newfoundland and Labrador,Total (house and land),96.5
2012-03,Newfoundland and Labrador,Total (house and land),96.8
2012-04,Newfoundland and Labrador,Total (house and land),96.8
2012-05,Newfoundland and Labrador,Total (house and land),97.0
2012-06,Newfoundland and Labrador,Total (house and land),97.1
2012-07,Newfoundland and Labrador,Total (house and land),97.7
2012-08,Newfoundland and Labrador,Total (house and land),97.7
2012-09,Newfoundland and Labrador,Total (house and land),97.5
2012-10,Newfoundland and Labrador,Total (house and land),97.5
2012-11,Newfoundland and Labrador,Total (house and land),97.5
2012-12,Newfoundland and Labrador,Total (house and land),97.5
2013-01,Newfoundland and Labrador,Total (house and land),97.7
2013-02,Newfoundland and Labrador,Total (house and land),97.7
2013-03,Newfoundland and Labrador,Total (house and land),97.7
2013-04,Newfoundland and Labrador,Total (house and land),98.6
2013-05,Newfoundland and Labrador,Total (house and land),98.8
2013-06,Newfoundland and Labrador,Total (house and land),98.8
2013-07,Newfoundland and Labrador,Total (house and land),99.4
2013-08,Newfoundland and Labrador,Total (house and land),99.6
2013-09,Newfoundland and Labrador,Total (house and land),99.6
2013-10,Newfoundland and Labrador,Total (house and land),99.6
2013-11,Newfoundland and Labrador,Total (house and land),99.6
2013-12,Newfoundland and Labrador,Total (house and land),99.6
2014-01,Newfoundland and Labrador,Total (house and land),99.6
2014-02,Newfoundland and Labrador,Total (house and land),99.6
2014-03,Newfoundland and Labrador,Total (house and land),99.9
2014-04,Newfoundland and Labrador,Total (house and land),99.9
2014-05,Newfoundland and Labrador,Total (house and land),99.8
2014-06,Newfoundland and Labrador,Total (house and land),99.7
2014-07,Newfoundland and Labrador,Total (house and land),99.7
2014-08,Newfoundland and Labrador,Total (house and land),99.7
2014-09,Newfoundland and Labrador,Total (house and land),99.7
2014-10,Newfoundland and Labrador,Total (house and land),99.7
2014-11,Newfoundland and Labrador,Total (house and land),99.9
2014-12,Newfoundland and Labrador,Total (house and land),99.9
2015-01,Newfoundland and Labrador,Total (house and land),99.9
2015-02,Newfoundland and Labrador,Total (house and land),99.9
2015-03,Newfoundland and Labrador,Total (house and land),99.9
2015-04,Newfoundland and Labrador,Total (house and land),99.9
2015-05,Newfoundland and Labrador,Total (house and land),99.8
2015-06,Newfoundland and Labrador,Total (house and land),99.8
2015-07,Newfoundland and Labrador,Total (house and land),100.1
2015-08,Newfoundland and Labrador,Total (house and land),100.1
2015-09,Newfoundland and Labrador,Total (house and land),100.1
2015-10,Newfoundland and Labrador,Total (house and land),100.1
2015-11,Newfoundland and Labrador,Total (house and land),100.3
2015-12,Newfoundland and Labrador,Total (house and land),100.3
2016-01,Newfoundland and Labrador,Total (house and land),100.3
2016-02,Newfoundland and Labrador,Total (house and land),100.3
2016-03,Newfoundland and Labrador,Total (house and land),100.2
2016-04,Newfoundland and Labrador,Total (house and land),100.2
2016-05,Newfoundland and Labrador,Total (house and land),100.3
2016-06,Newfoundland and Labrador,Total (house and land),100.3
2016-07,Newfoundland and Labrador,Total (house and land),100.0
2016-08,Newfoundland and Labrador,Total (house and land),99.8
2016-09,Newfoundland and Labrador,Total (house and land),100.0
2016-10,Newfoundland and Labrador,Total (house and land),100.0
2016-11,Newfoundland and Labrador,Total (house and land),100.0
2016-12,Newfoundland and Labrador,Total (house and land),100.0
2017-01,Newfoundland and Labrador,Total (house and land),99.6
2017-02,Newfoundland and Labrador,Total (house and land),99.6
2017-03,Newfoundland and Labrador,Total (house and land),99.5
2017-04,Newfoundland and Labrador,Total (house and land),99.5
2017-05,Newfoundland and Labrador,Total (house and land),99.5
2017-06,Newfoundland and Labrador,Total (house and land),99.4
2017-07,Newfoundland and Labrador,Total (house and land),99.4
2017-08,Newfoundland and Labrador,Total (house and land),98.9
2017-09,Newfoundland and Labrador,Total (house and land),98.9
2017-10,Newfoundland and Labrador,Total (house and land),98.9
2017-11,Newfoundland and Labrador,Total (house and land),99.0
2017-12,Newfoundland and Labrador,Total (house and land),99.0
2018-01,Newfoundland and Labrador,Total (house and land),99.0
2018-02,Newfoundland and Labrador,Total (house and land),99.0
2018-03,Newfoundland and Labrador,Total (house and land),99.0
2018-04,Newfoundland and Labrador,Total (house and land),99.0
2018-05,Newfoundland and Labrador,Total (house and land),98.9
2018-06,Newfoundland and Labrador,Total (house and land),98.7
2018-07,Newfoundland and Labrador,Total (house and land),98.9
2018-08,Newfoundland and Labrador,Total (house and land),98.9
2018-09,Newfoundland and Labrador,Total (house and land),98.5
2018-10,Newfoundland and Labrador,Total (house and land),98.4
2018-11,Newfoundland and Labrador,Total (house and land),98.0
2018-12,Newfoundland and Labrador,Total (house and land),98.1
2019-01,Newfoundland and Labrador,Total (house and land),98.1
2019-02,Newfoundland and Labrador,Total (house and land),98.1
2019-03,Newfoundland and Labrador,Total (house and land),98.1
2019-04,Newfoundland and Labrador,Total (house and land),97.8
2019-05,Newfoundland and Labrador,Total (house and land),97.8
2019-06,Newfoundland and Labrador,Total (house and land),97.3
2019-07,Newfoundland and Labrador,Total (house and land),97.1
2019-08,Newfoundland and Labrador,Total (house and land),96.9
2019-09,Newfoundland and Labrador,Total (house and land),97.0
2019-10,Newfoundland and Labrador,Total (house and land),97.3
2019-11,Newfoundland and Labrador,Total (house and land),97.4
2019-12,Newfoundland and Labrador,Total (house and land),97.4
2020-01,Newfoundland and Labrador,Total (house and land),97.4
2020-02,Newfoundland and Labrador,Total (house and land),97.4
2020-03,Newfoundland and Labrador,Total (house and land),97.2
2020-04,Newfoundland and Labrador,Total (house and land),97.2
2020-05,Newfoundland and Labrador,Total (house and land),97.2
2020-06,Newfoundland and Labrador,Total (house and land),97.2
2020-07,Newfoundland and Labrador,Total (house and land),96.9
2020-08,Newfoundland and Labrador,Total (house and land),96.9
2020-09,Newfoundland and Labrador,Total (house and land),98.0
2020-10,Newfoundland and Labrador,Total (house and land),100.0
2020-11,Newfoundland and Labrador,Total (house and land),100.5
2020-12,Newfoundland and Labrador,Total (house and land),100.7
2021-01,Newfoundland and Labrador,Total (house and land),100.7
2021-02,Newfoundland and Labrador,Total (house and land),100.7
2010-01,Prince Edward Island,Total (house and land),99.3
2010-02,Prince Edward Island,Total (house and land),98.8
2010-03,Prince Edward Island,Total (house and land),98.4
2010-04,Prince Edward Island,Total (house and land),98.1
2010-05,Prince Edward Island,Total (house and land),98.4
2010-06,Prince Edward Island,Total (house and land),98.1
2010-07,Prince Edward Island,Total (house and land),97.9
2010-08,Prince Edward Island,Total (house and land),97.9
2010-09,Prince Edward Island,Total (house and land),97.9
2010-10,Prince Edward Island,Total (house and land),97.9
2010-11,Prince Edward Island,Total (house and land),97.5
2010-12,Prince Edward Island,Total (house and land),97.5
2011-01,Prince Edward Island,Total (house and land),97.5
2011-02,Prince Edward Island,Total (house and land),98.9
2011-03,Prince Edward Island,Total (house and land),98.9
2011-04,Prince Edward Island,Total (house and land),99.1
2011-05,Prince Edward Island,Total (house and land),99.6
2011-06,Prince Edward Island,Total (house and land),99.6
2011-07,Prince Edward Island,Total (house and land),100.8
2011-08,Prince Edward Island,Total (house and land),100.8
2011-09,Prince Edward Island,Total (house and land),100.7
2011-10,Prince Edward Island,Total (house and land),100.9
2011-11,Prince Edward Island,Total (house and land),100.9
2011-12,Prince Edward Island,Total (house and land),100.9
2012-01,Prince Edward Island,Total (house and land),100.7
2012-02,Prince Edward Island,Total (house and land),100.2
2012-03,Prince Edward Island,Total (house and land),100.2
2012-04,Prince Edward Island,Total (house and land),100.3
2012-05,Prince Edward Island,Total (house and land),99.9
2012-06,Prince Edward Island,Total (house and land),100.0
2012-07,Prince Edward Island,Total (house and land),100.2
2012-08,Prince Edward Island,Total (house and land),100.1
2012-09,Prince Edward Island,Total (house and land),100.2
2012-10,Prince Edward Island,Total (house and land),100.0
2012-11,Prince Edward Island,Total (house and land),100.0
2012-12,Prince Edward Island,Total (house and land),99.2
2013-01,Prince Edward Island,Total (house and land),100.1
2013-02,Prince Edward Island,Total (house and land),100.1
2013-03,Prince Edward Island,Total (house and land),100.1
2013-04,Prince Edward Island,Total (house and land),100.5
2013-05,Prince Edward Island,Total (house and land),100.6
2013-06,Prince Edward Island,Total (house and land),100.8
2013-07,Prince Edward Island,Total (house and land),100.9
2013-08,Prince Edward Island,Total (house and land),100.9
2013-09,Prince Edward Island,Total (house and land),100.9
2013-10,Prince Edward Island,Total (house and land),100.8
2013-11,Prince Edward Island,Total (house and land),100.8
2013-12,Prince Edward Island,Total (house and land),100.8
2014-01,Prince Edward Island,Total (house and land),100.5
2014-02,Prince Edward Island,Total (house and land),100.2
2014-03,Prince Edward Island,Total (house and land),99.7
2014-04,Prince Edward Island,Total (house and land),99.7
2014-05,Prince Edward Island,Total (house and land),99.6
2014-06,Prince Edward Island,Total (house and land),99.4
2014-07,Prince Edward Island,Total (house and land),99.3
2014-08,Prince Edward Island,Total (house and land),99.3
2014-09,Prince Edward Island,Total (house and land),99.1
2014-10,Prince Edward Island,Total (house and land),99.1
2014-11,Prince Edward Island,Total (house and land),98.8
2014-12,Prince Edward Island,Total (house and land),99.3
2015-01,Prince Edward Island,Total (house and land),99.3
2015-02,Prince Edward Island,Total (house and land),99.3
2015-03,Prince Edward Island,Total (house and land),99.5
2015-04,Prince Edward Island,Total (house and land),100.5
2015-05,Prince Edward Island,Total (house and land),100.4
2015-06,Prince Edward Island,Total (house and land),100.1
2015-07,Prince Edward Island,Total (house and land),100.1
2015-08,Prince Edward Island,Total (house and land),100.0
2015-09,Prince Edward Island,Total (house and land),99.0
2015-10,Prince Edward Island,Total (house and land),99.0
2015-11,Prince Edward Island,Total (house and land),99.1
2015-12,Prince Edward Island,Total (house and land),99.1
2016-01,Prince Edward Island,Total (house and land),99.1
2016-02,Prince Edward Island,Total (house and land),100.3
2016-03,Prince Edward Island,Total (house and land),100.3
2016-04,Prince Edward Island,Total (house and land),100.4
2016-05,Prince Edward Island,Total (house and land),100.0
2016-06,Prince Edward Island,Total (house and land),100.0
2016-07,Prince Edward Island,Total (house and land),100.0
2016-08,Prince Edward Island,Total (house and land),100.0
2016-09,Prince Edward Island,Total (house and land),100.0
2016-10,Prince Edward Island,Total (house and land),100.0
2016-11,Prince Edward Island,Total (house and land),100.0
2016-12,Prince Edward Island,Total (house and land),100.0
2017-01,Prince Edward Island,Total (house and land),100.0
2017-02,Prince Edward Island,Total (house and land),100.0
2017-03,Prince Edward Island,Total (house and land),100.0
2017-04,Prince Edward Island,Total (house and land),100.0
2017-05,Prince Edward Island,Total (house and land),99.8
2017-06,Prince Edward Island,Total (house and land),99.7
2017-07,Prince Edward Island,Total (house and land),100.3
2017-08,Prince Edward Island,Total (house and land),100.3
2017-09,Prince Edward Island,Total (house and land),100.3
2017-10,Prince Edward Island,Total (house and land),100.3
2017-11,Prince Edward Island,Total (house and land),100.3
2017-12,Prince Edward Island,Total (house and land),100.3
2018-01,Prince Edward Island,Total (house and land),100.3
2018-02,Prince Edward Island,Total (house and land),100.3
2018-03,Prince Edward Island,Total (house and land),100.5
2018-04,Prince Edward Island,Total (house and land),100.5
2018-05,Prince Edward Island,Total (house and land),100.5
2018-06,Prince Edward Island,Total (house and land),100.4
2018-07,Prince Edward Island,Total (house and land),100.5
2018-08,Prince Edward Island,Total (house and land),100.5
2018-09,Prince Edward Island,Total (house and land),100.3
2018-10,Prince Edward Island,Total (house and land),100.2
2018-11,Prince Edward Island,Total (house and land),100.0
2018-12,Prince Edward Island,Total (house and land),100.1
2019-01,Prince Edward Island,Total (house and land),100.1
2019-02,Prince Edward Island,Total (house and land),100.1
2019-03,Prince Edward Island,Total (house and land),100.1
2019-04,Prince Edward Island,Total (house and land),100.1
2019-05,Prince Edward Island,Total (house and land),101.1
2019-06,Prince Edward Island,Total (house and land),101.1
2019-07,Prince Edward Island,Total (house and land),101.1
2019-08,Prince Edward Island,Total (house and land),101.1
2019-09,Prince Edward Island,Total (house and land),102.0
2019-10,Prince Edward Island,Total (house and land),102.0
2019-11,Prince Edward Island,Total (house and land),102.0
2019-12,Prince Edward Island,Total (house and land),102.0
2020-01,Prince Edward Island,Total (house and land),102.0
2020-02,Prince Edward Island,Total (house and land),102.0
2020-03,Prince Edward Island,Total (house and land),102.0
2020-04,Prince Edward Island,Total (house and land),102.0
2020-05,Prince Edward Island,Total (house and land),102.6
2020-06,Prince Edward Island,Total (house and land),102.6
2020-07,Prince Edward Island,Total (house and land),102.6
2020-08,Prince Edward Island,Total (house and land),102.6
2020-09,Prince Edward Island,Total (house and land),104.7
2020-10,Prince Edward Island,Total (house and land),104.7
2020-11,Prince Edward Island,Total (house and land),106.5
2020-12,Prince Edward Island,Total (house and land),106.5
2021-01,Prince Edward Island,Total (house and land),110.0
2021-02,Prince Edward Island,Total (house and land),110.2
2010-01,Nova Scotia,Total (house and land),91.4
2010-02,Nova Scotia,Total (house and land),91.4
2010-03,Nova Scotia,Total (house and land),91.5
2010-04,Nova Scotia,Total (house and land),91.5
2010-05,Nova Scotia,Total (house and land),91.6
2010-06,Nova Scotia,Total (house and land),91.7
2010-07,Nova Scotia,Total (house and land),91.7
2010-08,Nova Scotia,Total (house and land),91.7
2010-09,Nova Scotia,Total (house and land),91.7
2010-10,Nova Scotia,Total (house and land),91.7
2010-11,Nova Scotia,Total (house and land),92.8
2010-12,Nova Scotia,Total (house and land),93.1
2011-01,Nova Scotia,Total (house and land),93.1
2011-02,Nova Scotia,Total (house and land),93.1
2011-03,Nova Scotia,Total (house and land),93.1
2011-04,Nova Scotia,Total (house and land),93.1
2011-05,Nova Scotia,Total (house and land),93.1
2011-06,Nova Scotia,Total (house and land),93.1
2011-07,Nova Scotia,Total (house and land),93.2
2011-08,Nova Scotia,Total (house and land),93.2
2011-09,Nova Scotia,Total (house and land),93.9
2011-10,Nova Scotia,Total (house and land),93.9
2011-11,Nova Scotia,Total (house and land),93.9
2011-12,Nova Scotia,Total (house and land),93.9
2012-01,Nova Scotia,Total (house and land),93.9
2012-02,Nova Scotia,Total (house and land),95.0
2012-03,Nova Scotia,Total (house and land),95.0
2012-04,Nova Scotia,Total (house and land),95.0
2012-05,Nova Scotia,Total (house and land),95.2
2012-06,Nova Scotia,Total (house and land),95.0
2012-07,Nova Scotia,Total (house and land),95.5
2012-08,Nova Scotia,Total (house and land),95.9
2012-09,Nova Scotia,Total (house and land),95.8
2012-10,Nova Scotia,Total (house and land),95.8
2012-11,Nova Scotia,Total (house and land),96.3
2012-12,Nova Scotia,Total (house and land),96.5
2013-01,Nova Scotia,Total (house and land),96.6
2013-02,Nova Scotia,Total (house and land),97.6
2013-03,Nova Scotia,Total (house and land),97.6
2013-04,Nova Scotia,Total (house and land),97.6
2013-05,Nova Scotia,Total (house and land),97.9
2013-06,Nova Scotia,Total (house and land),97.8
2013-07,Nova Scotia,Total (house and land),98.2
2013-08,Nova Scotia,Total (house and land),98.1
2013-09,Nova Scotia,Total (house and land),98.2
2013-10,Nova Scotia,Total (house and land),98.2
2013-11,Nova Scotia,Total (house and land),98.2
2013-12,Nova Scotia,Total (house and land),98.1
2014-01,Nova Scotia,Total (house and land),98.1
2014-02,Nova Scotia,Total (house and land),98.0
2014-03,Nova Scotia,Total (house and land),98.1
2014-04,Nova Scotia,Total (house and land),98.1
2014-05,Nova Scotia,Total (house and land),98.1
2014-06,Nova Scotia,Total (house and land),98.0
2014-07,Nova Scotia,Total (house and land),98.0
2014-08,Nova Scotia,Total (house and land),98.0
2014-09,Nova Scotia,Total (house and land),98.3
2014-10,Nova Scotia,Total (house and land),98.4
2014-11,Nova Scotia,Total (house and land),98.4
2014-12,Nova Scotia,Total (house and land),98.4
2015-01,Nova Scotia,Total (house and land),98.4
2015-02,Nova Scotia,Total (house and land),98.8
2015-03,Nova Scotia,Total (house and land),98.9
2015-04,Nova Scotia,Total (house and land),98.9
2015-05,Nova Scotia,Total (house and land),99.0
2015-06,Nova Scotia,Total (house and land),99.1
2015-07,Nova Scotia,Total (house and land),99.0
2015-08,Nova Scotia,Total (house and land),99.0
2015-09,Nova Scotia,Total (house and land),99.0
2015-10,Nova Scotia,Total (house and land),99.1
2015-11,Nova Scotia,Total (house and land),98.7
2015-12,Nova Scotia,Total (house and land),98.9
2016-01,Nova Scotia,Total (house and land),98.9
2016-02,Nova Scotia,Total (house and land),98.9
2016-03,Nova Scotia,Total (house and land),98.9
2016-04,Nova Scotia,Total (house and land),98.9
2016-05,Nova Scotia,Total (house and land),99.0
2016-06,Nova Scotia,Total (house and land),99.0
2016-07,Nova Scotia,Total (house and land),99.3
2016-08,Nova Scotia,Total (house and land),99.3
2016-09,Nova Scotia,Total (house and land),99.3
2016-10,Nova Scotia,Total (house and land),99.8
2016-11,Nova Scotia,Total (house and land),100.0
2016-12,Nova Scotia,Total (house and land),100.0
2017-01,Nova Scotia,Total (house and land),100.2
2017-02,Nova Scotia,Total (house and land),100.2
2017-03,Nova Scotia,Total (house and land),100.2
2017-04,Nova Scotia,Total (house and land),100.0
2017-05,Nova Scotia,Total (house and land),100.4
2017-06,Nova Scotia,Total (house and land),100.4
2017-07,Nova Scotia,Total (house and land),100.8
2017-08,Nova Scotia,Total (house and land),100.7
2017-09,Nova Scotia,Total (house and land),100.8
2017-10,Nova Scotia,Total (house and land),101.1
2017-11,Nova Scotia,Total (house and land),101.1
2017-12,Nova Scotia,Total (house and land),101.0
2018-01,Nova Scotia,Total (house and land),101.0
2018-02,Nova Scotia,Total (house and land),101.0
2018-03,Nova Scotia,Total (house and land),101.5
2018-04,Nova Scotia,Total (house and land),101.9
2018-05,Nova Scotia,Total (house and land),101.8
2018-06,Nova Scotia,Total (house and land),101.8
2018-07,Nova Scotia,Total (house and land),102.0
2018-08,Nova Scotia,Total (house and land),102.0
2018-09,Nova Scotia,Total (house and land),101.7
2018-10,Nova Scotia,Total (house and land),101.6
2018-11,Nova Scotia,Total (house and land),101.6
2018-12,Nova Scotia,Total (house and land),101.6
2019-01,Nova Scotia,Total (house and land),101.9
2019-02,Nova Scotia,Total (house and land),102.1
2019-03,Nova Scotia,Total (house and land),102.1
2019-04,Nova Scotia,Total (house and land),102.1
2019-05,Nova Scotia,Total (house and land),102.5
2019-06,Nova Scotia,Total (house and land),102.5
2019-07,Nova Scotia,Total (house and land),102.7
2019-08,Nova Scotia,Total (house and land),102.5
2019-09,Nova Scotia,Total (house and land),102.5
2019-10,Nova Scotia,Total (house and land),102.5
2019-11,Nova Scotia,Total (house and land),102.5
2019-12,Nova Scotia,Total (house and land),102.5
2020-01,Nova Scotia,Total (house and land),102.9
2020-02,Nova Scotia,Total (house and land),103.6
2020-03,Nova Scotia,Total (house and land),103.8
2020-04,Nova Scotia,Total (house and land),103.9
2020-05,Nova Scotia,Total (house and land),104.4
2020-06,Nova Scotia,Total (house and land),104.9
2020-07,Nova Scotia,Total (house and land),105.4
2020-08,Nova Scotia,Total (house and land),107.1
2020-09,Nova Scotia,Total (house and land),108.0
2020-10,Nova Scotia,Total (house and land),109.3
2020-11,Nova Scotia,Total (house and land),110.1
2020-12,Nova Scotia,Total (house and land),110.1
2021-01,Nova Scotia,Total (house and land),110.1
2021-02,Nova Scotia,Total (house and land),112.7
2010-01,New Brunswick,Total (house and land),96.4
2010-02,New Brunswick,Total (house and land),96.5
2010-03,New Brunswick,Total (house and land),96.5
2010-04,New Brunswick,Total (house and land),96.5
2010-05,New Brunswick,Total (house and land),97.1
2010-06,New Brunswick,Total (house and land),98.4
2010-07,New Brunswick,Total (house and land),98.3
2010-08,New Brunswick,Total (house and land),98.3
2010-09,New Brunswick,Total (house and land),98.4
2010-10,New Brunswick,Total (house and land),98.4
2010-11,New Brunswick,Total (house and land),98.2
2010-12,New Brunswick,Total (house and land),98.2
2011-01,New Brunswick,Total (house and land),98.0
2011-02,New Brunswick,Total (house and land),97.9
2011-03,New Brunswick,Total (house and land),98.3
2011-04,New Brunswick,Total (house and land),97.8
2011-05,New Brunswick,Total (house and land),97.8
2011-06,New Brunswick,Total (house and land),98.0
2011-07,New Brunswick,Total (house and land),98.2
2011-08,New Brunswick,Total (house and land),98.8
2011-09,New Brunswick,Total (house and land),98.4
2011-10,New Brunswick,Total (house and land),98.4
2011-11,New Brunswick,Total (house and land),98.4
2011-12,New Brunswick,Total (house and land),98.4
2012-01,New Brunswick,Total (house and land),98.4
2012-02,New Brunswick,Total (house and land),98.1
2012-03,New Brunswick,Total (house and land),98.1
2012-04,New Brunswick,Total (house and land),98.1
2012-05,New Brunswick,Total (house and land),97.9
2012-06,New Brunswick,Total (house and land),97.9
2012-07,New Brunswick,Total (house and land),97.8
2012-08,New Brunswick,Total (house and land),97.9
2012-09,New Brunswick,Total (house and land),98.3
2012-10,New Brunswick,Total (house and land),98.3
2012-11,New Brunswick,Total (house and land),98.1
2012-12,New Brunswick,Total (house and land),98.1
2013-01,New Brunswick,Total (house and land),98.0
2013-02,New Brunswick,Total (house and land),98.2
2013-03,New Brunswick,Total (house and land),98.4
2013-04,New Brunswick,Total (house and land),98.3
2013-05,New Brunswick,Total (house and land),98.4
2013-06,New Brunswick,Total (house and land),98.4
2013-07,New Brunswick,Total (house and land),98.4
2013-08,New Brunswick,Total (house and land),98.4
2013-09,New Brunswick,Total (house and land),98.4
2013-10,New Brunswick,Total (house and land),98.5
2013-11,New Brunswick,Total (house and land),98.5
2013-12,New Brunswick,Total (house and land),98.4
2014-01,New Brunswick,Total (house and land),98.4
2014-02,New Brunswick,Total (house and land),98.3
2014-03,New Brunswick,Total (house and land),98.3
2014-04,New Brunswick,Total (house and land),98.5
2014-05,New Brunswick,Total (house and land),98.5
2014-06,New Brunswick,Total (house and land),98.5
2014-07,New Brunswick,Total (house and land),98.3
2014-08,New Brunswick,Total (house and land),98.1
2014-09,New Brunswick,Total (house and land),98.1
2014-10,New Brunswick,Total (house and land),98.1
2014-11,New Brunswick,Total (house and land),98.0
2014-12,New Brunswick,Total (house and land),98.0
2015-01,New Brunswick,Total (house and land),98.0
2015-02,New Brunswick,Total (house and land),98.0
2015-03,New Brunswick,Total (house and land),97.8
2015-04,New Brunswick,Total (house and land),97.8
2015-05,New Brunswick,Total (house and land),97.8
2015-06,New Brunswick,Total (house and land),98.2
2015-07,New Brunswick,Total (house and land),98.3
2015-08,New Brunswick,Total (house and land),98.3
2015-09,New Brunswick,Total (house and land),98.3
2015-10,New Brunswick,Total (house and land),98.3
2015-11,New Brunswick,Total (house and land),98.4
2015-12,New Brunswick,Total (house and land),98.4
2016-01,New Brunswick,Total (house and land),98.3
2016-02,New Brunswick,Total (house and land),98.3
2016-03,New Brunswick,Total (house and land),98.3
2016-04,New Brunswick,Total (house and land),98.3
2016-05,New Brunswick,Total (house and land),98.3
2016-06,New Brunswick,Total (house and land),98.3
2016-07,New Brunswick,Total (house and land),98.3
2016-08,New Brunswick,Total (house and land),98.4
2016-09,New Brunswick,Total (house and land),99.7
2016-10,New Brunswick,Total (house and land),100.0
2016-11,New Brunswick,Total (house and land),100.0
2016-12,New Brunswick,Total (house and land),100.0
2017-01,New Brunswick,Total (house and land),100.2
2017-02,New Brunswick,Total (house and land),100.1
2017-03,New Brunswick,Total (house and land),100.1
2017-04,New Brunswick,Total (house and land),100.1
2017-05,New Brunswick,Total (house and land),100.1
2017-06,New Brunswick,Total (house and land),100.1
2017-07,New Brunswick,Total (house and land),100.5
2017-08,New Brunswick,Total (house and land),100.5
2017-09,New Brunswick,Total (house and land),100.5
2017-10,New Brunswick,Total (house and land),100.5
2017-11,New Brunswick,Total (house and land),100.8
2017-12,New Brunswick,Total (house and land),101.0
2018-01,New Brunswick,Total (house and land),101.2
2018-02,New Brunswick,Total (house and land),101.2
2018-03,New Brunswick,Total (house and land),101.2
2018-04,New Brunswick,Total (house and land),101.1
2018-05,New Brunswick,Total (house and land),101.1
2018-06,New Brunswick,Total (house and land),101.1
2018-07,New Brunswick,Total (house and land),100.9
2018-08,New Brunswick,Total (house and land),101.1
2018-09,New Brunswick,Total (house and land),101.1
2018-10,New Brunswick,Total (house and land),100.9
2018-11,New Brunswick,Total (house and land),100.9
2018-12,New Brunswick,Total (house and land),100.9
2019-01,New Brunswick,Total (house and land),100.9
2019-02,New Brunswick,Total (house and land),100.9
2019-03,New Brunswick,Total (house and land),100.9
2019-04,New Brunswick,Total (house and land),100.9
2019-05,New Brunswick,Total (house and land),100.9
2019-06,New Brunswick,Total (house and land),100.9
2019-07,New Brunswick,Total (house and land),101.6
2019-08,New Brunswick,Total (house and land),102.1
2019-09,New Brunswick,Total (house and land),102.5
2019-10,New Brunswick,Total (house and land),102.5
2019-11,New Brunswick,Total (house and land),102.5
2019-12,New Brunswick,Total (house and land),102.7
2020-01,New Brunswick,Total (house and land),102.7
2020-02,New Brunswick,Total (house and land),102.7
2020-03,New Brunswick,Total (house and land),103.0
2020-04,New Brunswick,Total (house and land),103.2
2020-05,New Brunswick,Total (house and land),103.2
2020-06,New Brunswick,Total (house and land),103.2
2020-07,New Brunswick,Total (house and land),103.2
2020-08,New Brunswick,Total (house and land),103.2
2020-09,New Brunswick,Total (house and land),104.2
2020-10,New Brunswick,Total (house and land),104.2
2020-11,New Brunswick,Total (house and land),104.2
2020-12,New Brunswick,Total (house and land),104.2
2021-01,New Brunswick,Total (house and land),104.2
2021-02,New Brunswick,Total (house and land),105.5
2010-01,Quebec,Total (house and land),91.8
2010-02,Quebec,Total (house and land),92.0
2010-03,Quebec,Total (house and land),92.8
2010-04,Quebec,Total (house and land),92.8
2010-05,Quebec,Total (house and land),93.1
2010-06,Quebec,Total (house and land),93.2
2010-07,Quebec,Total (house and land),93.2
2010-08,Quebec,Total (house and land),93.4
2010-09,Quebec,Total (house and land),94.6
2010-10,Quebec,Total (house and land),94.7
2010-11,Quebec,Total (house and land),94.9
2010-12,Quebec,Total (house and land),94.6
2011-01,Quebec,Total (house and land),95.0
2011-02,Quebec,Total (house and land),95.3
2011-03,Quebec,Total (house and land),95.3
2011-04,Quebec,Total (house and land),95.6
2011-05,Quebec,Total (house and land),96.0
2011-06,Quebec,Total (house and land),95.9
2011-07,Quebec,Total (house and land),95.9
2011-08,Quebec,Total (house and land),96.0
2011-09,Quebec,Total (house and land),96.1
2011-10,Quebec,Total (house and land),96.1
2011-11,Quebec,Total (house and land),96.6
2011-12,Quebec,Total (house and land),96.8
2012-01,Quebec,Total (house and land),96.8
2012-02,Quebec,Total (house and land),97.0
2012-03,Quebec,Total (house and land),97.2
2012-04,Quebec,Total (house and land),97.2
2012-05,Quebec,Total (house and land),97.3
2012-06,Quebec,Total (house and land),97.4
2012-07,Quebec,Total (house and land),97.5
2012-08,Quebec,Total (house and land),97.7
2012-09,Quebec,Total (house and land),97.7
2012-10,Quebec,Total (house and land),98.0
2012-11,Quebec,Total (house and land),98.2
2012-12,Quebec,Total (house and land),98.2
2013-01,Quebec,Total (house and land),98.2
2013-02,Quebec,Total (house and land),98.3
2013-03,Quebec,Total (house and land),98.3
2013-04,Quebec,Total (house and land),98.2
2013-05,Quebec,Total (house and land),98.4
2013-06,Quebec,Total (house and land),98.6
2013-07,Quebec,Total (house and land),98.5
2013-08,Quebec,Total (house and land),98.6
2013-09,Quebec,Total (house and land),98.6
2013-10,Quebec,Total (house and land),98.6
2013-11,Quebec,Total (house and land),98.7
2013-12,Quebec,Total (house and land),98.7
2014-01,Quebec,Total (house and land),98.8
2014-02,Quebec,Total (house and land),98.8
2014-03,Quebec,Total (house and land),98.8
2014-04,Quebec,Total (house and land),98.8
2014-05,Quebec,Total (house and land),98.9
2014-06,Quebec,Total (house and land),98.9
2014-07,Quebec,Total (house and land),98.9
2014-08,Quebec,Total (house and land),98.9
2014-09,Quebec,Total (house and land),98.7
2014-10,Quebec,Total (house and land),98.8
2014-11,Quebec,Total (house and land),98.8
2014-12,Quebec,Total (house and land),98.7
2015-01,Quebec,Total (house and land),98.8
2015-02,Quebec,Total (house and land),99.0
2015-03,Quebec,Total (house and land),99.0
2015-04,Quebec,Total (house and land),98.9
2015-05,Quebec,Total (house and land),98.7
2015-06,Quebec,Total (house and land),98.7
2015-07,Quebec,Total (house and land),98.9
2015-08,Quebec,Total (house and land),99.0
2015-09,Quebec,Total (house and land),99.1
2015-10,Quebec,Total (house and land),99.1
2015-11,Quebec,Total (house and land),99.4
2015-12,Quebec,Total (house and land),99.4
2016-01,Quebec,Total (house and land),99.4
2016-02,Quebec,Total (house and land),99.5
2016-03,Quebec,Total (house and land),99.6
2016-04,Quebec,Total (house and land),99.6
2016-05,Quebec,Total (house and land),99.6
2016-06,Quebec,Total (house and land),99.6
2016-07,Quebec,Total (house and land),99.7
2016-08,Quebec,Total (house and land),99.7
2016-09,Quebec,Total (house and land),100.0
2016-10,Quebec,Total (house and land),100.0
2016-11,Quebec,Total (house and land),100.0
2016-12,Quebec,Total (house and land),100.0
2017-01,Quebec,Total (house and land),100.1
2017-02,Quebec,Total (house and land),100.3
2017-03,Quebec,Total (house and land),100.2
2017-04,Quebec,Total (house and land),100.3
2017-05,Quebec,Total (house and land),100.4
2017-06,Quebec,Total (house and land),100.5
2017-07,Quebec,Total (house and land),100.7
2017-08,Quebec,Total (house and land),100.7
2017-09,Quebec,Total (house and land),100.8
2017-10,Quebec,Total (house and land),101.0
2017-11,Quebec,Total (house and land),101.1
2017-12,Quebec,Total (house and land),101.1
2018-01,Quebec,Total (house and land),101.4
2018-02,Quebec,Total (house and land),101.8
2018-03,Quebec,Total (house and land),101.8
2018-04,Quebec,Total (house and land),101.9
2018-05,Quebec,Total (house and land),101.9
2018-06,Quebec,Total (house and land),102.6
2018-07,Quebec,Total (house and land),102.7
2018-08,Quebec,Total (house and land),103.0
2018-09,Quebec,Total (house and land),103.1
2018-10,Quebec,Total (house and land),103.2
2018-11,Quebec,Total (house and land),103.5
2018-12,Quebec,Total (house and land),103.5
2019-01,Quebec,Total (house and land),103.6
2019-02,Quebec,Total (house and land),103.6
2019-03,Quebec,Total (house and land),103.7
2019-04,Quebec,Total (house and land),103.8
2019-05,Quebec,Total (house and land),104.0
2019-06,Quebec,Total (house and land),104.3
2019-07,Quebec,Total (house and land),105.4
2019-08,Quebec,Total (house and land),106.3
2019-09,Quebec,Total (house and land),106.8
2019-10,Quebec,Total (house and land),107.5
2019-11,Quebec,Total (house and land),108.4
2019-12,Quebec,Total (house and land),108.6
2020-01,Quebec,Total (house and land),108.8
2020-02,Quebec,Total (house and land),109.5
2020-03,Quebec,Total (house and land),110.1
2020-04,Quebec,Total (house and land),110.3
2020-05,Quebec,Total (house and land),110.3
2020-06,Quebec,Total (house and land),110.7
2020-07,Quebec,Total (house and land),111.1
2020-08,Quebec,Total (house and land),111.8
2020-09,Quebec,Total (house and land),112.7
2020-10,Quebec,Total (house and land),115.2
2020-11,Quebec,Total (house and land),116.7
2020-12,Quebec,Total (house and land),117.5
2021-01,Quebec,Total (house and land),117.8
2021-02,Quebec,Total (house and land),118.8
2010-01,Ontario,Total (house and land),80.2
2010-02,Ontario,Total (house and land),80.0
2010-03,Ontario,Total (house and land),80.2
2010-04,Ontario,Total (house and land),80.3
2010-05,Ontario,Total (house and land),80.7
2010-06,Ontario,Total (house and land),80.9
2010-07,Ontario,Total (house and land),80.8
2010-08,Ontario,Total (house and land),81.0
2010-09,Ontario,Total (house and land),81.0
2010-10,Ontario,Total (house and land),81.2
2010-11,Ontario,Total (house and land),81.5
2010-12,Ontario,Total (house and land),81.6
2011-01,Ontario,Total (house and land),81.8
2011-02,Ontario,Total (house and land),82.2
2011-03,Ontario,Total (house and land),82.3
2011-04,Ontario,Total (house and land),82.8
2011-05,Ontario,Total (house and land),83.3
2011-06,Ontario,Total (house and land),83.8
2011-07,Ontario,Total (house and land),84.0
2011-08,Ontario,Total (house and land),84.2
2011-09,Ontario,Total (house and land),84.4
2011-10,Ontario,Total (house and land),84.7
2011-11,Ontario,Total (house and land),85.3
2011-12,Ontario,Total (house and land),85.4
2012-01,Ontario,Total (house and land),85.5
2012-02,Ontario,Total (house and land),85.9
2012-03,Ontario,Total (house and land),86.3
2012-04,Ontario,Total (house and land),86.5
2012-05,Ontario,Total (house and land),86.9
2012-06,Ontario,Total (house and land),87.2
2012-07,Ontario,Total (house and land),87.3
2012-08,Ontario,Total (house and land),87.5
2012-09,Ontario,Total (house and land),87.8
2012-10,Ontario,Total (house and land),88.0
2012-11,Ontario,Total (house and land),88.2
2012-12,Ontario,Total (house and land),88.4
2013-01,Ontario,Total (house and land),88.5
2013-02,Ontario,Total (house and land),88.5
2013-03,Ontario,Total (house and land),88.6
2013-04,Ontario,Total (house and land),88.7
2013-05,Ontario,Total (house and land),88.8
2013-06,Ontario,Total (house and land),88.8
2013-07,Ontario,Total (house and land),89.0
2013-08,Ontario,Total (house and land),89.1
2013-09,Ontario,Total (house and land),89.1
2013-10,Ontario,Total (house and land),89.2
2013-11,Ontario,Total (house and land),89.3
2013-12,Ontario,Total (house and land),89.4
2014-01,Ontario,Total (house and land),89.5
2014-02,Ontario,Total (house and land),89.8
2014-03,Ontario,Total (house and land),89.8
2014-04,Ontario,Total (house and land),90.2
2014-05,Ontario,Total (house and land),90.2
2014-06,Ontario,Total (house and land),90.4
2014-07,Ontario,Total (house and land),90.4
2014-08,Ontario,Total (house and land),90.7
2014-09,Ontario,Total (house and land),90.9
2014-10,Ontario,Total (house and land),91.0
2014-11,Ontario,Total (house and land),91.1
2014-12,Ontario,Total (house and land),91.2
2015-01,Ontario,Total (house and land),91.2
2015-02,Ontario,Total (house and land),91.4
2015-03,Ontario,Total (house and land),91.6
2015-04,Ontario,Total (house and land),91.8
2015-05,Ontario,Total (house and land),92.1
2015-06,Ontario,Total (house and land),92.6
2015-07,Ontario,Total (house and land),92.8
2015-08,Ontario,Total (house and land),93.3
2015-09,Ontario,Total (house and land),93.4
2015-10,Ontario,Total (house and land),93.8
2015-11,Ontario,Total (house and land),93.9
2015-12,Ontario,Total (house and land),94.1
2016-01,Ontario,Total (house and land),94.2
2016-02,Ontario,Total (house and land),94.6
2016-03,Ontario,Total (house and land),94.8
2016-04,Ontario,Total (house and land),95.3
2016-05,Ontario,Total (house and land),96.6
2016-06,Ontario,Total (house and land),97.0
2016-07,Ontario,Total (house and land),97.8
2016-08,Ontario,Total (house and land),98.2
2016-09,Ontario,Total (house and land),98.5
2016-10,Ontario,Total (house and land),99.5
2016-11,Ontario,Total (house and land),99.9
2016-12,Ontario,Total (house and land),100.0
2017-01,Ontario,Total (house and land),100.3
2017-02,Ontario,Total (house and land),101.1
2017-03,Ontario,Total (house and land),101.4
2017-04,Ontario,Total (house and land),103.0
2017-05,Ontario,Total (house and land),103.8
2017-06,Ontario,Total (house and land),103.9
2017-07,Ontario,Total (house and land),104.1
2017-08,Ontario,Total (house and land),104.2
2017-09,Ontario,Total (house and land),104.3
2017-10,Ontario,Total (house and land),104.4
2017-11,Ontario,Total (house and land),104.5
2017-12,Ontario,Total (house and land),104.5
2018-01,Ontario,Total (house and land),104.6
2018-02,Ontario,Total (house and land),104.3
2018-03,Ontario,Total (house and land),104.3
2018-04,Ontario,Total (house and land),104.1
2018-05,Ontario,Total (house and land),104.1
2018-06,Ontario,Total (house and land),104.2
2018-07,Ontario,Total (house and land),104.3
2018-08,Ontario,Total (house and land),104.4
2018-09,Ontario,Total (house and land),104.4
2018-10,Ontario,Total (house and land),104.5
2018-11,Ontario,Total (house and land),104.6
2018-12,Ontario,Total (house and land),104.6
2019-01,Ontario,Total (house and land),104.5
2019-02,Ontario,Total (house and land),104.5
2019-03,Ontario,Total (house and land),104.6
2019-04,Ontario,Total (house and land),104.6
2019-05,Ontario,Total (house and land),104.6
2019-06,Ontario,Total (house and land),104.7
2019-07,Ontario,Total (house and land),104.5
2019-08,Ontario,Total (house and land),104.5
2019-09,Ontario,Total (house and land),105.0
2019-10,Ontario,Total (house and land),105.2
2019-11,Ontario,Total (house and land),105.3
2019-12,Ontario,Total (house and land),105.5
2020-01,Ontario,Total (house and land),105.4
2020-02,Ontario,Total (house and land),105.9
2020-03,Ontario,Total (house and land),106.3
2020-04,Ontario,Total (house and land),106.4
2020-05,Ontario,Total (house and land),106.5
2020-06,Ontario,Total (house and land),106.7
2020-07,Ontario,Total (house and land),107.2
2020-08,Ontario,Total (house and land),107.7
2020-09,Ontario,Total (house and land),108.8
2020-10,Ontario,Total (house and land),109.5
2020-11,Ontario,Total (house and land),110.2
2020-12,Ontario,Total (house and land),110.8
2021-01,Ontario,Total (house and land),112.2
2021-02,Ontario,Total (house and land),113.7
2010-01,Manitoba,Total (house and land),79.9
2010-02,Manitoba,Total (house and land),81.4
2010-03,Manitoba,Total (house and land),81.8
2010-04,Manitoba,Total (house and land),82.0
2010-05,Manitoba,Total (house and land),82.2
2010-06,Manitoba,Total (house and land),82.6
2010-07,Manitoba,Total (house and land),82.8
2010-08,Manitoba,Total (house and land),83.1
2010-09,Manitoba,Total (house and land),83.2
2010-10,Manitoba,Total (house and land),83.2
2010-11,Manitoba,Total (house and land),83.2
2010-12,Manitoba,Total (house and land),84.1
2011-01,Manitoba,Total (house and land),84.6
2011-02,Manitoba,Total (house and land),85.2
2011-03,Manitoba,Total (house and land),85.5
2011-04,Manitoba,Total (house and land),85.6
2011-05,Manitoba,Total (house and land),85.7
2011-06,Manitoba,Total (house and land),86.2
2011-07,Manitoba,Total (house and land),86.4
2011-08,Manitoba,Total (house and land),86.5
2011-09,Manitoba,Total (house and land),87.7
2011-10,Manitoba,Total (house and land),87.8
2011-11,Manitoba,Total (house and land),88.0
2011-12,Manitoba,Total (house and land),88.0
2012-01,Manitoba,Total (house and land),88.1
2012-02,Manitoba,Total (house and land),88.4
2012-03,Manitoba,Total (house and land),89.0
2012-04,Manitoba,Total (house and land),89.3
2012-05,Manitoba,Total (house and land),89.4
2012-06,Manitoba,Total (house and land),90.0
2012-07,Manitoba,Total (house and land),90.2
2012-08,Manitoba,Total (house and land),90.4
2012-09,Manitoba,Total (house and land),90.9
2012-10,Manitoba,Total (house and land),91.2
2012-11,Manitoba,Total (house and land),91.6
2012-12,Manitoba,Total (house and land),92.4
2013-01,Manitoba,Total (house and land),93.2
2013-02,Manitoba,Total (house and land),93.3
2013-03,Manitoba,Total (house and land),93.6
2013-04,Manitoba,Total (house and land),94.2
2013-05,Manitoba,Total (house and land),94.6
2013-06,Manitoba,Total (house and land),94.8
2013-07,Manitoba,Total (house and land),94.9
2013-08,Manitoba,Total (house and land),95.0
2013-09,Manitoba,Total (house and land),95.0
2013-10,Manitoba,Total (house and land),95.0
2013-11,Manitoba,Total (house and land),95.0
2013-12,Manitoba,Total (house and land),95.1
2014-01,Manitoba,Total (house and land),95.6
2014-02,Manitoba,Total (house and land),95.7
2014-03,Manitoba,Total (house and land),95.8
2014-04,Manitoba,Total (house and land),96.0
2014-05,Manitoba,Total (house and land),96.1
2014-06,Manitoba,Total (house and land),96.3
2014-07,Manitoba,Total (house and land),96.3
2014-08,Manitoba,Total (house and land),96.3
2014-09,Manitoba,Total (house and land),95.9
2014-10,Manitoba,Total (house and land),96.1
2014-11,Manitoba,Total (house and land),96.1
2014-12,Manitoba,Total (house and land),96.0
2015-01,Manitoba,Total (house and land),96.2
2015-02,Manitoba,Total (house and land),96.3
2015-03,Manitoba,Total (house and land),96.6
2015-04,Manitoba,Total (house and land),96.7
2015-05,Manitoba,Total (house and land),96.8
2015-06,Manitoba,Total (house and land),97.2
2015-07,Manitoba,Total (house and land),97.3
2015-08,Manitoba,Total (house and land),97.3
2015-09,Manitoba,Total (house and land),97.5
2015-10,Manitoba,Total (house and land),97.6
2015-11,Manitoba,Total (house and land),97.7
2015-12,Manitoba,Total (house and land),97.7
2016-01,Manitoba,Total (house and land),97.9
2016-02,Manitoba,Total (house and land),97.9
2016-03,Manitoba,Total (house and land),98.1
2016-04,Manitoba,Total (house and land),98.3
2016-05,Manitoba,Total (house and land),98.5
2016-06,Manitoba,Total (house and land),98.7
2016-07,Manitoba,Total (house and land),98.9
2016-08,Manitoba,Total (house and land),99.0
2016-09,Manitoba,Total (house and land),99.4
2016-10,Manitoba,Total (house and land),99.9
2016-11,Manitoba,Total (house and land),100.0
2016-12,Manitoba,Total (house and land),100.0
2017-01,Manitoba,Total (house and land),100.3
2017-02,Manitoba,Total (house and land),100.5
2017-03,Manitoba,Total (house and land),100.5
2017-04,Manitoba,Total (house and land),101.3
2017-05,Manitoba,Total (house and land),101.8
2017-06,Manitoba,Total (house and land),102.2
2017-07,Manitoba,Total (house and land),102.3
2017-08,Manitoba,Total (house and land),102.6
2017-09,Manitoba,Total (house and land),102.9
2017-10,Manitoba,Total (house and land),103.0
2017-11,Manitoba,Total (house and land),103.2
2017-12,Manitoba,Total (house and land),103.3
2018-01,Manitoba,Total (house and land),103.3
2018-02,Manitoba,Total (house and land),103.4
2018-03,Manitoba,Total (house and land),103.5
2018-04,Manitoba,Total (house and land),103.5
2018-05,Manitoba,Total (house and land),103.7
2018-06,Manitoba,Total (house and land),103.9
2018-07,Manitoba,Total (house and land),104.0
2018-08,Manitoba,Total (house and land),104.1
2018-09,Manitoba,Total (house and land),104.1
2018-10,Manitoba,Total (house and land),104.4
2018-11,Manitoba,Total (house and land),104.4
2018-12,Manitoba,Total (house and land),104.3
2019-01,Manitoba,Total (house and land),104.5
2019-02,Manitoba,Total (house and land),104.5
2019-03,Manitoba,Total (house and land),104.7
2019-04,Manitoba,Total (house and land),104.8
2019-05,Manitoba,Total (house and land),104.6
2019-06,Manitoba,Total (house and land),104.4
2019-07,Manitoba,Total (house and land),104.7
2019-08,Manitoba,Total (house and land),104.7
2019-09,Manitoba,Total (house and land),104.9
2019-10,Manitoba,Total (house and land),105.0
2019-11,Manitoba,Total (house and land),104.7
2019-12,Manitoba,Total (house and land),105.1
2020-01,Manitoba,Total (house and land),105.3
2020-02,Manitoba,Total (house and land),105.5
2020-03,Manitoba,Total (house and land),105.5
2020-04,Manitoba,Total (house and land),105.6
2020-05,Manitoba,Total (house and land),105.5
2020-06,Manitoba,Total (house and land),105.8
2020-07,Manitoba,Total (house and land),106.0
2020-08,Manitoba,Total (house and land),106.9
2020-09,Manitoba,Total (house and land),108.7
2020-10,Manitoba,Total (house and land),108.8
2020-11,Manitoba,Total (house and land),109.1
2020-12,Manitoba,Total (house and land),109.1
2021-01,Manitoba,Total (house and land),110.4
2021-02,Manitoba,Total (house and land),112.3
2010-01,Saskatchewan,Total (house and land),90.2
2010-02,Saskatchewan,Total (house and land),91.4
2010-03,Saskatchewan,Total (house and land),91.6
2010-04,Saskatchewan,Total (house and land),92.4
2010-05,Saskatchewan,Total (house and land),93.9
2010-06,Saskatchewan,Total (house and land),93.8
2010-07,Saskatchewan,Total (house and land),93.8
2010-08,Saskatchewan,Total (house and land),93.8
2010-09,Saskatchewan,Total (house and land),93.8
2010-10,Saskatchewan,Total (house and land),94.1
2010-11,Saskatchewan,Total (house and land),94.2
2010-12,Saskatchewan,Total (house and land),94.2
2011-01,Saskatchewan,Total (house and land),94.2
2011-02,Saskatchewan,Total (house and land),94.9
2011-03,Saskatchewan,Total (house and land),95.0
2011-04,Saskatchewan,Total (house and land),95.1
2011-05,Saskatchewan,Total (house and land),95.7
2011-06,Saskatchewan,Total (house and land),95.7
2011-07,Saskatchewan,Total (house and land),95.7
2011-08,Saskatchewan,Total (house and land),96.2
2011-09,Saskatchewan,Total (house and land),96.3
2011-10,Saskatchewan,Total (house and land),96.2
2011-11,Saskatchewan,Total (house and land),97.0
2011-12,Saskatchewan,Total (house and land),97.0
2012-01,Saskatchewan,Total (house and land),97.4
2012-02,Saskatchewan,Total (house and land),98.2
2012-03,Saskatchewan,Total (house and land),98.2
2012-04,Saskatchewan,Total (house and land),98.7
2012-05,Saskatchewan,Total (house and land),98.9
2012-06,Saskatchewan,Total (house and land),99.0
2012-07,Saskatchewan,Total (house and land),99.0
2012-08,Saskatchewan,Total (house and land),99.0
2012-09,Saskatchewan,Total (house and land),99.0
2012-10,Saskatchewan,Total (house and land),99.0
2012-11,Saskatchewan,Total (house and land),99.0
2012-12,Saskatchewan,Total (house and land),99.1
2013-01,Saskatchewan,Total (house and land),99.1
2013-02,Saskatchewan,Total (house and land),99.5
2013-03,Saskatchewan,Total (house and land),100.1
2013-04,Saskatchewan,Total (house and land),100.4
2013-05,Saskatchewan,Total (house and land),100.4
2013-06,Saskatchewan,Total (house and land),100.8
2013-07,Saskatchewan,Total (house and land),100.6
2013-08,Saskatchewan,Total (house and land),100.9
2013-09,Saskatchewan,Total (house and land),100.9
2013-10,Saskatchewan,Total (house and land),101.5
2013-11,Saskatchewan,Total (house and land),101.6
2013-12,Saskatchewan,Total (house and land),101.6
2014-01,Saskatchewan,Total (house and land),102.6
2014-02,Saskatchewan,Total (house and land),102.7
2014-03,Saskatchewan,Total (house and land),102.6
2014-04,Saskatchewan,Total (house and land),102.5
2014-05,Saskatchewan,Total (house and land),102.6
2014-06,Saskatchewan,Total (house and land),102.7
2014-07,Saskatchewan,Total (house and land),102.6
2014-08,Saskatchewan,Total (house and land),102.6
2014-09,Saskatchewan,Total (house and land),102.5
2014-10,Saskatchewan,Total (house and land),102.5
2014-11,Saskatchewan,Total (house and land),102.5
2014-12,Saskatchewan,Total (house and land),102.4
2015-01,Saskatchewan,Total (house and land),102.4
2015-02,Saskatchewan,Total (house and land),102.3
2015-03,Saskatchewan,Total (house and land),102.1
2015-04,Saskatchewan,Total (house and land),101.7
2015-05,Saskatchewan,Total (house and land),102.1
2015-06,Saskatchewan,Total (house and land),101.8
2015-07,Saskatchewan,Total (house and land),102.1
2015-08,Saskatchewan,Total (house and land),102.0
2015-09,Saskatchewan,Total (house and land),101.6
2015-10,Saskatchewan,Total (house and land),101.3
2015-11,Saskatchewan,Total (house and land),101.0
2015-12,Saskatchewan,Total (house and land),101.1
2016-01,Saskatchewan,Total (house and land),101.0
2016-02,Saskatchewan,Total (house and land),100.8
2016-03,Saskatchewan,Total (house and land),100.6
2016-04,Saskatchewan,Total (house and land),100.3
2016-05,Saskatchewan,Total (house and land),100.2
2016-06,Saskatchewan,Total (house and land),100.1
2016-07,Saskatchewan,Total (house and land),100.0
2016-08,Saskatchewan,Total (house and land),99.8
2016-09,Saskatchewan,Total (house and land),99.8
2016-10,Saskatchewan,Total (house and land),99.8
2016-11,Saskatchewan,Total (house and land),99.7
2016-12,Saskatchewan,Total (house and land),100.0
2017-01,Saskatchewan,Total (house and land),99.9
2017-02,Saskatchewan,Total (house and land),100.0
2017-03,Saskatchewan,Total (house and land),100.0
2017-04,Saskatchewan,Total (house and land),100.0
2017-05,Saskatchewan,Total (house and land),99.8
2017-06,Saskatchewan,Total (house and land),99.6
2017-07,Saskatchewan,Total (house and land),99.6
2017-08,Saskatchewan,Total (house and land),99.7
2017-09,Saskatchewan,Total (house and land),99.5
2017-10,Saskatchewan,Total (house and land),99.5
2017-11,Saskatchewan,Total (house and land),99.1
2017-12,Saskatchewan,Total (house and land),99.1
2018-01,Saskatchewan,Total (house and land),99.1
2018-02,Saskatchewan,Total (house and land),98.6
2018-03,Saskatchewan,Total (house and land),98.6
2018-04,Saskatchewan,Total (house and land),98.9
2018-05,Saskatchewan,Total (house and land),98.7
2018-06,Saskatchewan,Total (house and land),98.5
2018-07,Saskatchewan,Total (house and land),98.6
2018-08,Saskatchewan,Total (house and land),98.4
2018-09,Saskatchewan,Total (house and land),98.2
2018-10,Saskatchewan,Total (house and land),98.1
2018-11,Saskatchewan,Total (house and land),97.9
2018-12,Saskatchewan,Total (house and land),97.7
2019-01,Saskatchewan,Total (house and land),97.6
2019-02,Saskatchewan,Total (house and land),97.6
2019-03,Saskatchewan,Total (house and land),97.6
2019-04,Saskatchewan,Total (house and land),96.9
2019-05,Saskatchewan,Total (house and land),96.8
2019-06,Saskatchewan,Total (house and land),96.8
2019-07,Saskatchewan,Total (house and land),96.7
2019-08,Saskatchewan,Total (house and land),96.5
2019-09,Saskatchewan,Total (house and land),96.7
2019-10,Saskatchewan,Total (house and land),96.8
2019-11,Saskatchewan,Total (house and land),96.0
2019-12,Saskatchewan,Total (house and land),96.2
2020-01,Saskatchewan,Total (house and land),95.5
2020-02,Saskatchewan,Total (house and land),95.3
2020-03,Saskatchewan,Total (house and land),95.1
2020-04,Saskatchewan,Total (house and land),95.0
2020-05,Saskatchewan,Total (house and land),95.1
2020-06,Saskatchewan,Total (house and land),95.0
2020-07,Saskatchewan,Total (house and land),94.8
2020-08,Saskatchewan,Total (house and land),95.0
2020-09,Saskatchewan,Total (house and land),94.8
2020-10,Saskatchewan,Total (house and land),95.3
2020-11,Saskatchewan,Total (house and land),95.2
2020-12,Saskatchewan,Total (house and land),95.5
2021-01,Saskatchewan,Total (house and land),95.9
2021-02,Saskatchewan,Total (house and land),96.2
2010-01,Alberta,Total (house and land),92.1
2010-02,Alberta,Total (house and land),92.3
2010-03,Alberta,Total (house and land),92.3
2010-04,Alberta,Total (house and land),92.6
2010-05,Alberta,Total (house and land),92.7
2010-06,Alberta,Total (house and land),92.6
2010-07,Alberta,Total (house and land),92.6
2010-08,Alberta,Total (house and land),92.6
2010-09,Alberta,Total (house and land),92.7
2010-10,Alberta,Total (house and land),92.4
2010-11,Alberta,Total (house and land),92.5
2010-12,Alberta,Total (house and land),92.5
2011-01,Alberta,Total (house and land),92.6
2011-02,Alberta,Total (house and land),93.0
2011-03,Alberta,Total (house and land),92.8
2011-04,Alberta,Total (house and land),92.7
2011-05,Alberta,Total (house and land),93.0
2011-06,Alberta,Total (house and land),93.0
2011-07,Alberta,Total (house and land),92.7
2011-08,Alberta,Total (house and land),92.7
2011-09,Alberta,Total (house and land),92.8
2011-10,Alberta,Total (house and land),93.1
2011-11,Alberta,Total (house and land),93.0
2011-12,Alberta,Total (house and land),93.1
2012-01,Alberta,Total (house and land),93.2
2012-02,Alberta,Total (house and land),93.2
2012-03,Alberta,Total (house and land),93.6
2012-04,Alberta,Total (house and land),93.7
2012-05,Alberta,Total (house and land),93.9
2012-06,Alberta,Total (house and land),94.1
2012-07,Alberta,Total (house and land),94.2
2012-08,Alberta,Total (house and land),94.2
2012-09,Alberta,Total (house and land),94.4
2012-10,Alberta,Total (house and land),94.6
2012-11,Alberta,Total (house and land),94.6
2012-12,Alberta,Total (house and land),94.9
2013-01,Alberta,Total (house and land),95.1
2013-02,Alberta,Total (house and land),95.6
2013-03,Alberta,Total (house and land),95.7
2013-04,Alberta,Total (house and land),96.1
2013-05,Alberta,Total (house and land),96.4
2013-06,Alberta,Total (house and land),96.7
2013-07,Alberta,Total (house and land),96.9
2013-08,Alberta,Total (house and land),97.3
2013-09,Alberta,Total (house and land),97.4
2013-10,Alberta,Total (house and land),97.4
2013-11,Alberta,Total (house and land),97.5
2013-12,Alberta,Total (house and land),97.6
2014-01,Alberta,Total (house and land),98.2
2014-02,Alberta,Total (house and land),98.7
2014-03,Alberta,Total (house and land),99.1
2014-04,Alberta,Total (house and land),99.3
2014-05,Alberta,Total (house and land),99.9
2014-06,Alberta,Total (house and land),100.0
2014-07,Alberta,Total (house and land),100.1
2014-08,Alberta,Total (house and land),100.5
2014-09,Alberta,Total (house and land),100.8
2014-10,Alberta,Total (house and land),100.8
2014-11,Alberta,Total (house and land),101.0
2014-12,Alberta,Total (house and land),101.1
2015-01,Alberta,Total (house and land),101.0
2015-02,Alberta,Total (house and land),101.0
2015-03,Alberta,Total (house and land),100.8
2015-04,Alberta,Total (house and land),100.6
2015-05,Alberta,Total (house and land),100.6
2015-06,Alberta,Total (house and land),100.6
2015-07,Alberta,Total (house and land),100.5
2015-08,Alberta,Total (house and land),100.5
2015-09,Alberta,Total (house and land),100.5
2015-10,Alberta,Total (house and land),100.7
2015-11,Alberta,Total (house and land),100.7
2015-12,Alberta,Total (house and land),100.7
2016-01,Alberta,Total (house and land),100.7
2016-02,Alberta,Total (house and land),100.4
2016-03,Alberta,Total (house and land),100.4
2016-04,Alberta,Total (house and land),100.4
2016-05,Alberta,Total (house and land),100.5
2016-06,Alberta,Total (house and land),100.0
2016-07,Alberta,Total (house and land),100.1
2016-08,Alberta,Total (house and land),100.0
2016-09,Alberta,Total (house and land),99.8
2016-10,Alberta,Total (house and land),99.7
2016-11,Alberta,Total (house and land),99.8
2016-12,Alberta,Total (house and land),100.0
2017-01,Alberta,Total (house and land),100.0
2017-02,Alberta,Total (house and land),100.0
2017-03,Alberta,Total (house and land),100.0
2017-04,Alberta,Total (house and land),99.9
2017-05,Alberta,Total (house and land),99.7
2017-06,Alberta,Total (house and land),99.6
2017-07,Alberta,Total (house and land),100.1
2017-08,Alberta,Total (house and land),100.1
2017-09,Alberta,Total (house and land),100.1
2017-10,Alberta,Total (house and land),100.1
2017-11,Alberta,Total (house and land),100.2
2017-12,Alberta,Total (house and land),100.1
2018-01,Alberta,Total (house and land),100.1
2018-02,Alberta,Total (house and land),99.8
2018-03,Alberta,Total (house and land),99.6
2018-04,Alberta,Total (house and land),99.6
2018-05,Alberta,Total (house and land),99.6
2018-06,Alberta,Total (house and land),99.8
2018-07,Alberta,Total (house and land),99.9
2018-08,Alberta,Total (house and land),99.4
2018-09,Alberta,Total (house and land),99.4
2018-10,Alberta,Total (house and land),99.3
2018-11,Alberta,Total (house and land),99.3
2018-12,Alberta,Total (house and land),99.4
2019-01,Alberta,Total (house and land),99.3
2019-02,Alberta,Total (house and land),99.2
2019-03,Alberta,Total (house and land),99.1
2019-04,Alberta,Total (house and land),98.8
2019-05,Alberta,Total (house and land),98.6
2019-06,Alberta,Total (house and land),98.0
2019-07,Alberta,Total (house and land),97.6
2019-08,Alberta,Total (house and land),97.7
2019-09,Alberta,Total (house and land),97.7
2019-10,Alberta,Total (house and land),97.5
2019-11,Alberta,Total (house and land),97.0
2019-12,Alberta,Total (house and land),97.2
2020-01,Alberta,Total (house and land),97.2
2020-02,Alberta,Total (house and land),97.4
2020-03,Alberta,Total (house and land),97.4
2020-04,Alberta,Total (house and land),97.2
2020-05,Alberta,Total (house and land),97.2
2020-06,Alberta,Total (house and land),97.1
2020-07,Alberta,Total (house and land),96.7
2020-08,Alberta,Total (house and land),96.7
2020-09,Alberta,Total (house and land),97.1
2020-10,Alberta,Total (house and land),97.4
2020-11,Alberta,Total (house and land),97.8
2020-12,Alberta,Total (house and land),97.7
2021-01,Alberta,Total (house and land),98.0
2021-02,Alberta,Total (house and land),98.8
2010-01,British Columbia,Total (house and land),96.5
2010-02,British Columbia,Total (house and land),97.0
2010-03,British Columbia,Total (house and land),97.5
2010-04,British Columbia,Total (house and land),97.8
2010-05,British Columbia,Total (house and land),98.0
2010-06,British Columbia,Total (house and land),97.9
2010-07,British Columbia,Total (house and land),97.2
2010-08,British Columbia,Total (house and land),97.2
2010-09,British Columbia,Total (house and land),96.8
2010-10,British Columbia,Total (house and land),96.8
2010-11,British Columbia,Total (house and land),96.6
2010-12,British Columbia,Total (house and land),96.5
2011-01,British Columbia,Total (house and land),96.6
2011-02,British Columbia,Total (house and land),96.6
2011-03,British Columbia,Total (house and land),96.8
2011-04,British Columbia,Total (house and land),96.9
2011-05,British Columbia,Total (house and land),97.1
2011-06,British Columbia,Total (house and land),97.1
2011-07,British Columbia,Total (house and land),97.1
2011-08,British Columbia,Total (house and land),96.7
2011-09,British Columbia,Total (house and land),96.8
2011-10,British Columbia,Total (house and land),96.6
2011-11,British Columbia,Total (house and land),96.3
2011-12,British Columbia,Total (house and land),96.1
2012-01,British Columbia,Total (house and land),96.3
2012-02,British Columbia,Total (house and land),96.2
2012-03,British Columbia,Total (house and land),96.0
2012-04,British Columbia,Total (house and land),96.0
2012-05,British Columbia,Total (house and land),96.0
2012-06,British Columbia,Total (house and land),96.1
2012-07,British Columbia,Total (house and land),96.1
2012-08,British Columbia,Total (house and land),96.0
2012-09,British Columbia,Total (house and land),95.9
2012-10,British Columbia,Total (house and land),96.1
2012-11,British Columbia,Total (house and land),95.7
2012-12,British Columbia,Total (house and land),95.4
2013-01,British Columbia,Total (house and land),95.3
2013-02,British Columbia,Total (house and land),95.4
2013-03,British Columbia,Total (house and land),95.2
2013-04,British Columbia,Total (house and land),95.3
2013-05,British Columbia,Total (house and land),95.1
2013-06,British Columbia,Total (house and land),94.9
2013-07,British Columbia,Total (house and land),95.1
2013-08,British Columbia,Total (house and land),94.8
2013-09,British Columbia,Total (house and land),94.8
2013-10,British Columbia,Total (house and land),94.6
2013-11,British Columbia,Total (house and land),94.5
2013-12,British Columbia,Total (house and land),94.3
2014-01,British Columbia,Total (house and land),94.3
2014-02,British Columbia,Total (house and land),94.3
2014-03,British Columbia,Total (house and land),94.2
2014-04,British Columbia,Total (house and land),93.9
2014-05,British Columbia,Total (house and land),93.7
2014-06,British Columbia,Total (house and land),93.6
2014-07,British Columbia,Total (house and land),93.5
2014-08,British Columbia,Total (house and land),93.7
2014-09,British Columbia,Total (house and land),93.7
2014-10,British Columbia,Total (house and land),94.0
2014-11,British Columbia,Total (house and land),93.8
2014-12,British Columbia,Total (house and land),93.8
2015-01,British Columbia,Total (house and land),93.6
2015-02,British Columbia,Total (house and land),93.6
2015-03,British Columbia,Total (house and land),93.6
2015-04,British Columbia,Total (house and land),94.2
2015-05,British Columbia,Total (house and land),94.2
2015-06,British Columbia,Total (house and land),94.4
2015-07,British Columbia,Total (house and land),94.7
2015-08,British Columbia,Total (house and land),94.7
2015-09,British Columbia,Total (house and land),95.1
2015-10,British Columbia,Total (house and land),95.3
2015-11,British Columbia,Total (house and land),95.8
2015-12,British Columbia,Total (house and land),95.9
2016-01,British Columbia,Total (house and land),96.3
2016-02,British Columbia,Total (house and land),97.1
2016-03,British Columbia,Total (house and land),97.4
2016-04,British Columbia,Total (house and land),97.7
2016-05,British Columbia,Total (house and land),98.8
2016-06,British Columbia,Total (house and land),99.2
2016-07,British Columbia,Total (house and land),99.7
2016-08,British Columbia,Total (house and land),99.7
2016-09,British Columbia,Total (house and land),100.0
2016-10,British Columbia,Total (house and land),100.3
2016-11,British Columbia,Total (house and land),100.0
2016-12,British Columbia,Total (house and land),100.0
2017-01,British Columbia,Total (house and land),99.9
2017-02,British Columbia,Total (house and land),100.0
2017-03,British Columbia,Total (house and land),100.5
2017-04,British Columbia,Total (house and land),101.5
2017-05,British Columbia,Total (house and land),103.4
2017-06,British Columbia,Total (house and land),104.7
2017-07,British Columbia,Total (house and land),106.5
2017-08,British Columbia,Total (house and land),106.6
2017-09,British Columbia,Total (house and land),107.3
2017-10,British Columbia,Total (house and land),107.6
2017-11,British Columbia,Total (house and land),107.6
2017-12,British Columbia,Total (house and land),107.8
2018-01,British Columbia,Total (house and land),107.8
2018-02,British Columbia,Total (house and land),107.8
2018-03,British Columbia,Total (house and land),107.9
2018-04,British Columbia,Total (house and land),107.9
2018-05,British Columbia,Total (house and land),107.9
2018-06,British Columbia,Total (house and land),108.0
2018-07,British Columbia,Total (house and land),107.9
2018-08,British Columbia,Total (house and land),107.8
2018-09,British Columbia,Total (house and land),108.0
2018-10,British Columbia,Total (house and land),108.0
2018-11,British Columbia,Total (house and land),107.8
2018-12,British Columbia,Total (house and land),107.7
2019-01,British Columbia,Total (house and land),107.6
2019-02,British Columbia,Total (house and land),107.4
2019-03,British Columbia,Total (house and land),107.4
2019-04,British Columbia,Total (house and land),107.2
2019-05,British Columbia,Total (house and land),106.9
2019-06,British Columbia,Total (house and land),106.8
2019-07,British Columbia,Total (house and land),106.4
2019-08,British Columbia,Total (house and land),106.4
2019-09,British Columbia,Total (house and land),106.0
2019-10,British Columbia,Total (house and land),105.8
2019-11,British Columbia,Total (house and land),105.3
2019-12,British Columbia,Total (house and land),105.7
2020-01,British Columbia,Total (house and land),105.5
2020-02,British Columbia,Total (house and land),105.9
2020-03,British Columbia,Total (house and land),106.3
2020-04,British Columbia,Total (house and land),106.3
2020-05,British Columbia,Total (house and land),106.3
2020-06,British Columbia,Total (house and land),106.4
2020-07,British Columbia,Total (house and land),107.2
2020-08,British Columbia,Total (house and land),108.1
2020-09,British Columbia,Total (house and land),110.2
2020-10,British Columbia,Total (house and land),111.5
2020-11,British Columbia,Total (house and land),111.8
2020-12,British Columbia,Total (house and land),111.9
2021-01,British Columbia,Total (house and land),112.3
2021-02,British Columbia,Total (house and land),116.3